first_name,last_name,address,date_of_birth
Aaron,Gilbert,"2580 Katherine Way Apt. 160
Port Mary, AS 03032",4/12/1936
Adriana,Perkins,"5660 Ronald Streets Apt. 580
Michaelberg, NE 79638",10/8/1981
Aimee,Reid,"80028 Megan Rest Apt. 681
East Mark, PR 28352",5/21/1946
Alexis,Espinoza,"66231 Mary Ports Apt. 616
Turnerhaven, KY 59364",1/9/1965
Amanda,Snyder,"025 Curtis Ford Suite 950
Jasonborough, MH 06472",1/22/2000
Andrew,Martinez,"88756 Dennis Club
New Jessica, NJ 61270",5/29/1949
Anthony,Meyer,"7807 Stewart Light
West Nathan, ME 97857",6/1/2000
Ashley,Shea,"45880 David Trace Apt. 492
North Walterville, AS 31646",6/28/1962
Ashley,Marquez,"90220 Sanders Viaduct Apt. 318
West Gregory, WV 69446",7/10/2000
Ashley,Chan,"1599 Theresa Garden
Lancetown, CA 84991",3/23/1940
Belinda,Moore,"859 Hall Road
East Christopher, NH 74724",9/24/1972
Bradley,Mendez,"7366 Robin Bypass
New Emmastad, FL 33545",4/9/1934
Brenda,Stevens,"48137 Richardson Underpass
New Michael, WY 64748",11/26/2003
Casey,Thompson,"9792 Ryan Forest
East Karen, IN 48615",12/18/1955
Cheyenne,Brown,"4113 Ingram Grove Suite 705
Victoriabury, ND 85306",12/5/1964
Christina,Edwards,"82520 Cody Vista
Caseyview, MP 70283",1/3/1947
Christine,Cook,"Unit 6962 Box 4798
DPO AA 10315",6/21/1993
Christopher,Wilson,"USNV Guerrero
FPO AE 54834",6/12/1940
Cody,Clements,"92671 Deborah Garden
Port Jessicafurt, OR 81839",6/5/2000
Daniel,Ryan,"9819 Amy Vista Suite 802
New Carlamouth, WV 49566",8/10/1942
Danielle,Scott,"33405 Shawn Cliffs Apt. 587
Rachelton, NC 75744",2/27/1981
David,Wolf,"7250 Davis Spurs Suite 998
West Hectorton, DC 98495",7/10/1960
Deborah,Miller,"551 Jackson Green
West Markland, NV 80630",4/16/1953
Deborah,Snyder,"40278 Jodi Cape Suite 388
East Crystal, ND 46803",7/29/1975
Deborah,Reyes,"5664 Carl Isle
Savannahfurt, SC 74912",3/15/1961
Elizabeth,Valenzuela,"2600 Mcdaniel Passage Apt. 697
South Patriciamouth, AK 99509",4/29/1983
Elizabeth,Kim,"02435 Howard Mall
Christopherville, ND 44679",2/20/1947
Emily,Jenkins,"765 Shari Crescent
Lake Melissa, NH 03032",9/15/1967
Gabriel,Hawkins,"5871 Ebony Gardens Apt. 071
Lesterborough, PW 08836",3/16/1956
Gary,Campbell,"3875 Valerie Park Suite 542
Smithchester, NY 12083",1/18/1957
Gina,Blair,"146 Dakota View
Brianmouth, MI 11166",2/1/2000
Harold,Nguyen,"1168 Ann Port
Brownmouth, FM 84271",8/5/1978
Hunter,Smith,"005 Freeman Heights Suite 839
Alvarezhaven, WV 34353",12/12/1969
Jacob,Crawford,"3602 Stokes Camp Suite 812
North Christopherside, DC 43668",4/25/1951
James,Dawson,"397 Proctor Corner Apt. 260
West Jacob, MO 83447",8/8/1989
Janet,Patterson,"801 Blair Corner
Port Robert, NM 39598",11/13/1951
Jasmine,Francis,"7310 Sharon Plaza Apt. 334
West Michaelhaven, MO 51440",7/19/1958
Jessica,Ramirez,"951 Graham Curve
Theresaland, RI 64123",4/4/2005
John,Garcia,"32622 Parks Ford
East Dwayne, AL 83454",10/28/1991
John,Green,"588 Steven Lake
Paulaton, NM 83492",9/18/2001
John,Powers,"23885 Michael Bypass
West Franktown, KS 63205",6/26/2001
Jose,Esparza,"2409 Tiffany Union Apt. 024
Matthewport, MT 10023",6/16/1942
Joseph,Gonzalez,"92468 Alexander Square Suite 033
Silvamouth, NM 29142",4/13/1985
Joseph,Schneider,"52424 Obrien Meadow
Lake Makaylaton, NY 39731",12/19/1972
Joseph,Horton,"Unit 3276 Box 4533
DPO AE 88323",3/24/1941
Joshua,Best,"22091 Miller Island
Wilsonstad, PW 02525",12/15/1971
Joshua,Williams,"23413 Smith Inlet Suite 774
Justinhaven, CT 65896",2/26/2003
Joshua,Gonzalez,"3781 Pamela Inlet Suite 879
Alishaville, PR 94004",6/28/1998
Kari,Scott,"86951 Evans Burg Suite 154
South Georgeville, OH 30943",9/6/1937
Katherine,Jacobson,"93269 Sarah Highway Suite 310
North Danieltown, OK 39754",2/12/1947
Kayla,Spence,"Unit 5029 Box 8353
DPO AP 69631",7/26/1949
Kayla,Rodriguez,"025 Joseph Knolls Apt. 975
Clayland, MN 71366",12/25/1984
Keith,Mendoza,"65422 Denise Mews Apt. 972
Lisachester, WI 07903",3/10/1974
Kelli,Miller,"807 Vasquez Station Suite 851
Johnsonport, MA 19111",12/16/1933
Kevin,Newton,"38253 Flores Garden Suite 751
Lake Donnahaven, WA 18652",10/21/1946
Kim,Parks,"5265 Brianna Squares Apt. 944
East Cassie, IN 87772",7/25/1960
Linda,Garcia,"1462 Thomas Roads
Lake Amy, MD 59433",4/7/1987
Lisa,Kemp,"6419 Floyd Forges Apt. 883
New Tammyberg, WV 39265",3/12/2006
Lisa,Green,"398 Harrington Union Suite 516
West Lee, AR 42126",10/16/2000
Mallory,Harris,"395 Mary Gardens
North Nicoleport, FL 82256",1/19/1967
Marc,Nelson,"3096 Adam Manor Suite 656
Port Austin, SD 26138",6/10/1962
Marcus,Stuart,"33671 Lewis Trafficway
Jasonborough, HI 24908",6/23/1950
Marvin,Wade,"PSC 0393, Box 9867
APO AE 90689",9/23/1965
Matthew,Sampson,"72970 Gregory Oval
Sarahmouth, MN 15957",6/15/1995
Matthew,Graves,"09042 Carly Loop Apt. 686
Lake Cheryl, HI 52641",1/29/1976
Matthew,Palmer,"322 Linda Summit
Alyssaville, IA 44101",2/16/1986
Matthew,Harper,"890 Valdez Village
Christopherbury, PA 47205",6/6/1940
Matthew,Phillips,"07440 Smith Locks Apt. 048
Kathrynhaven, NE 36361",8/21/1948
Michael,Dean,"891 Rivera Valleys
Rivasbury, PW 15454",9/10/1941
Michael,Huffman,"374 Atkins Street Suite 934
Melissafort, AK 91930",10/30/1994
Michael,Lee,"44700 Lisa Highway
Jessemouth, MO 75510",9/8/1992
Mindy,Cole,"260 Yvette Cove
Cunninghammouth, MP 47580",8/19/1945
Monique,Greer,"6163 Payne Harbor
New Jodichester, GU 16722",7/16/2005
Natasha,Gregory,"5312 Miller Burg
West Scott, MN 54318",5/13/1978
Nicholas,Diaz,"656 Watts Ports Suite 231
Jessicaburgh, AS 23655",10/18/1989
Patricia,Gonzalez,"23986 Ramirez Court
Port Deborahbury, VT 19002",10/2/1986
Paul,Rhodes,"2256 Elliott Pass
Leblancshire, WV 46087",9/20/1989
Phillip,Brown,"62508 Mitchell Land
New Jennifer, CA 56769",9/28/1935
Phyllis,Young,"Unit 5142 Box 7132
DPO AA 77059",4/27/1938
Rachel,Miller,"65639 Cynthia Pines Apt. 971
South Joelchester, NC 78098",9/10/1937
Raymond,Johnson,"42944 Roach Lane
Baldwinshire, UT 47161",8/1/1952
Richard,Shelton,"69656 Cain Ports Suite 610
Bradleyborough, WA 43571",7/28/1959
Rodney,Roach,"0809 Wilson Circle
Lake Sherry, FL 42589",6/1/1960
Ronald,Taylor,"64197 Kimberly Manor
Port Robinstad, PA 01248",7/20/1953
Sara,Long,"62988 Brian Track
Aprilmouth, MH 40426",4/29/1985
Sara,Keller,"117 Wendy Field
East Alicia, HI 77984",4/26/1983
Sean,Blanchard,"043 Brenda Mill Suite 938
Andrewton, OK 79158",4/9/1945
Seth,Smith,"7568 Hendricks Parkway
Michaelport, KS 59268",4/28/1992
Shannon,Woods,"Unit 1120 Box 1485
DPO AA 87582",10/19/1985
Shawn,Smith,"63674 Brad Spurs Suite 687
Owensmouth, GU 59288",6/28/1977
Stephanie,Cabrera,"8868 Linda Drive Suite 033
Tonyland, CO 93622",9/18/1966
Stephen,Maxwell,"590 Giles Plaza Apt. 313
West Melissaburgh, SD 90040",2/4/1974
Steven,White,"357 Mark Turnpike Suite 512
Jennifershire, KS 27301",10/9/1935
Steven,Andrews,"28954 Joe Hills
Brendachester, VT 66164",3/28/1965
Susan,Jacobs,"4762 Olson Harbor Suite 300
Port Garychester, OR 28101",3/26/2005
Tara,Hughes,"79502 Francisco Meadow
Colemanburgh, NY 80854",6/29/1962
Thomas,Johnson,"80205 Margaret Circles Suite 090
Larsonside, DC 43252",8/25/1979
Tyler,Hernandez,"022 Michael Inlet Apt. 703
East Lisahaven, NM 26385",9/9/1968
Victoria,Ross,"3553 Danielle Springs
Steventown, NC 17690",12/12/1944
